﻿{
    "cd" : "edge",
    "all_api" : ["baidu", "youdao", "sougou", "google", "edge"],
    "edge":
    {
        "is_open" : 1,
        "is_real_time_translate" : 1
    },
    "youdao":
    {
        "is_open" : 0
    },
    "baidu" :
    {
        "is_open" : 0,
        "BaiduFanyiAPPID" : "",
        "BaiduFanyiAPPSEC": "",
        "is_real_time_translate" : 0
    },
    "sougou" :
    {
        "is_open" : 1,
        "is_real_time_translate" : 0
    },
    "google":
    {
        "is_open" : 0,
        "is_real_time_translate" : 0
    }
}